path,size_bytes,ext
connections/followers_and_following/restricted_profiles.json,314,.json
logged_information/recent_searches/recent_searches.json,1974,.json
logged_information/past_instagram_insights/videos.json,3101,.json
preferences/settings/filtered_keywords_for_comments_and_messages.json,662,.json
connections/followers_and_following/recent_follow_requests.json,1097,.json
your_instagram_activity/monetization/eligibility.json,582,.json
connections/followers_and_following/recently_unfollowed_profiles.json,13626,.json
preferences/settings/notification_preferences.json,25422,.json
ads_information/instagram_ads_and_businesses/other_categories_used_to_reach_you.json,2325,.json
logged_information/past_instagram_insights/content_interactions.json,5564,.json
logged_information/recent_searches/word_or_phrase_searches.json,936,.json
connections/followers_and_following/pending_follow_requests.json,21180,.json
connections/followers_and_following/following_hashtags.json,4936,.json
logged_information/link_history/your_link_history_settings.json,1065,.json
ads_information/instagram_ads_and_businesses/ads_about_meta.json,727,.json
connections/followers_and_following/blocked_profiles.json,690,.json
logged_information/past_instagram_insights/posts.json,1274936,.json
apps_and_websites_off_of_instagram/apps_and_websites/your_activity_off_meta_technologies_settings.json,1733,.json
logged_information/past_instagram_insights/audience_insights.json,5175,.json
logged_information/past_instagram_insights/profiles_reached.json,3206,.json
logged_information/recent_searches/profile_searches.json,1020,.json
ads_information/ads_and_topics/ads_clicked.json,7527,.json
ads_information/instagram_ads_and_businesses/advertisers_using_your_activity_or_information.json,24906,.json
logged_information/link_history/link_history.json,33623,.json
connections/followers_and_following/following.json,32322,.json
ads_information/ads_and_topics/videos_watched.json,542532,.json
your_instagram_activity/subscriptions/show_exclusive_story_promo_setting.json,519,.json
connections/followers_and_following/followers_1.json,1024566,.json
ads_information/ads_and_topics/suggested_profiles_viewed.json,791665,.json
your_instagram_activity/likes/liked_posts.json,335115389,.json
preferences/settings/comments_allowed_from.json,365,.json
your_instagram_activity/comments/post_comments_1.json,300391,.json
ads_information/ads_and_topics/ads_viewed.json,522973,.json
your_instagram_activity/media/stories.json,10610,.json
your_instagram_activity/media/archived_posts.json,1385,.json
your_instagram_activity/story_interactions/polls.json,192,.json
your_instagram_activity/subscriptions/your_muted_story_teaser_creators.json,588,.json
ads_information/ads_and_topics/posts_viewed.json,666898,.json
your_instagram_activity/likes/liked_comments.json,135555,.json
your_instagram_activity/messages/secret_conversations.json,738,.json
your_instagram_activity/other_activity/surveys.json,3383,.json
your_instagram_activity/media/igtv_videos.json,749,.json
your_instagram_activity/other_activity/your_information_download_requests.json,2177,.json
your_instagram_activity/story_interactions/emoji_sliders.json,534,.json
your_instagram_activity/saved/saved_collections.json,58613,.json
your_instagram_activity/media/profile_photos.json,340,.json
your_instagram_activity/subscriptions/reels.json,1236,.json
your_instagram_activity/saved/saved_posts.json,67264,.json
your_instagram_activity/comments/reels_comments.json,270,.json
your_instagram_activity/shopping/checkout_payment_information.json,1656,.json
your_instagram_activity/threads/threads_viewed.json,56697,.json
your_instagram_activity/media/other_content.json,4358,.json
media/other/17870739883062992.jpg,60304,.jpg
your_instagram_activity/other_activity/time_spent_on_instagram.json,328,.json
media/other/17859284896034470.jpg,124165,.jpg
your_instagram_activity/story_interactions/questions.json,259,.json
your_instagram_activity/media/reels.json,1395,.json
your_instagram_activity/story_interactions/countdowns.json,278,.json
media/other/17869297699038357.jpg,73373,.jpg
your_instagram_activity/story_interactions/stories_viewed.json,217143,.json
media/other/17852100952181999.jpg,138238,.jpg
media/other/17856299413124974.jpg,30986,.jpg
media/other/17843231413168821.jpg,40942,.jpg
media/other/17842858039142878.jpg,159366,.jpg
media/other/17863712257017431.jpg,70611,.jpg
media/other/17847113815169615.jpg,97385,.jpg
media/other/17850413110117977.jpg,50138,.jpg
media/other/17862256603126658.jpg,177015,.jpg
media/other/17842442017144247.jpg,120439,.jpg
media/other/17859355642031116.jpg,63036,.jpg
media/other/17853348685158807.jpg,118701,.jpg
media/other/17856917743031388.jpg,124776,.jpg
media/other/17866452889128687.jpg,112053,.jpg
media/other/17858863432106429.jpg,103790,.jpg
media/other/17851646104073391.jpg,94986,.jpg
media/other/17855270488088286.jpg,114538,.jpg
your_instagram_activity/media/posts_1.json,646542,.json
media/other/17847079336119659.jpg,68993,.jpg
media/other/17862799048080054.jpg,209885,.jpg
media/other/17878340881063352.mp4,2434395,.mp4
media/other/17843690542167139.jpg,74896,.jpg
media/other/17846532052168241.jpg,38006,.jpg
media/other/17860725982030504.jpg,99219,.jpg
media/other/17855804203064153.jpg,177152,.jpg
media/other/17849758804113412.jpg,105146,.jpg
media/other/17850480166109747.jpg,177689,.jpg
media/other/17846975836126979.jpg,122300,.jpg
media/other/17850546373094603.jpg,96440,.jpg
media/other/17854529836088440.jpg,56170,.jpg
media/other/17846913049085497.jpg,100953,.jpg
media/other/17878114357024497.jpg,122291,.jpg
media/other/17861967439025011.jpg,144988,.jpg
media/other/17847008980114008.jpg,125320,.jpg
media/other/17847139135127418.mp4,1446136,.mp4
media/other/17863378753029965.jpg,77406,.jpg
media/other/17864364532069018.jpg,78794,.jpg
media/other/17861341015097464.jpg,174240,.jpg
media/other/17851277410117335.jpg,151176,.jpg
media/other/17854388125117878.jpg,104516,.jpg
media/other/17858897617039212.jpg,94794,.jpg
media/other/17861062042041445.jpg,183676,.jpg
media/other/17843462305191562.jpg,145675,.jpg
media/other/17875504849005918.mp4,934038,.mp4
media/other/17856836122069519.jpg,197207,.jpg
media/other/17853218158112227.jpg,89140,.jpg
media/other/17859375466088412.jpg,91744,.jpg
media/other/17850117946187112.jpg,178514,.jpg
media/other/17853983296069578.jpg,101311,.jpg
media/other/17844379849172311.jpg,46877,.jpg
media/other/17852974681066436.jpg,141786,.jpg
media/other/17849972665106755.jpg,35999,.jpg
media/other/17864750362078935.jpg,101246,.jpg
media/other/17859756826052780.jpg,100674,.jpg
media/other/17861986828008842.jpg,122708,.jpg
media/other/17849900218115023.jpg,54221,.jpg
media/other/17844339373178658.jpg,38613,.jpg
media/other/17877684766027610.jpg,144265,.jpg
media/other/17864068618005073.jpg,69529,.jpg
media/other/17867287510074646.jpg,110216,.jpg
media/other/17874174679041987.jpg,127004,.jpg
media/other/17842212667151432.jpg,120468,.jpg
media/other/17863493551084397.jpg,98066,.jpg
media/other/17863463053003476.jpg,116780,.jpg
media/other/17866509421077283.jpg,114424,.jpg
media/other/17854424917079502.jpg,98779,.jpg
media/other/17855469076135728.jpg,115436,.jpg
media/other/17849489269099324.jpg,40315,.jpg
media/other/17866815742108669.jpg,148491,.jpg
media/other/17842059604153566.jpg,100335,.jpg
media/other/17849463280088305.jpg,41808,.jpg
media/other/17868604834037321.jpg,126066,.jpg
media/other/17906969458058962.mp4,5103898,.mp4
media/other/17845011961150291.jpg,113567,.jpg
media/other/17863632604027569.jpg,88321,.jpg
media/other/17868217906048296.jpg,93951,.jpg
media/other/17861053711063265.jpg,81771,.jpg
media/other/17862491224094420.jpg,63163,.jpg
media/other/17854672465128607.jpg,123260,.jpg
media/other/17874637204041130.jpg,106034,.jpg
media/other/17863801579000988.jpg,140536,.jpg
media/other/17862112288017494.jpg,81613,.jpg
media/other/17877064111051595.jpg,115992,.jpg
media/other/17856414346053568.mp4,6522935,.mp4
media/other/17851973452110126.jpg,88675,.jpg
media/other/17865374941068798.jpg,70448,.jpg
media/other/17867027206030786.jpg,45184,.jpg
media/other/17843392057179899.jpg,49563,.jpg
media/other/17861597194027505.mp4,1302543,.mp4
media/other/17852799838071569.jpg,222537,.jpg
media/other/17868644425071010.jpg,28169,.jpg
media/other/17856797203100919.jpg,136018,.jpg
media/other/17861073277020095.jpg,136915,.jpg
media/other/17851535296124623.jpg,77868,.jpg
media/other/17870457358045574.jpg,57805,.jpg
media/other/17850403735119858.mp4,3224495,.mp4
media/other/17861831857015974.jpg,120329,.jpg
media/other/17854452418119911.jpg,135708,.jpg
media/other/17842206517144364.mp4,4613255,.mp4
media/other/17848682572078932.jpg,122953,.jpg
media/other/17866708486040347.jpg,98306,.jpg
media/other/17856546115103298.jpg,86784,.jpg
media/other/17852985373086337.jpg,158942,.jpg
media/other/17860171822051275.jpg,143544,.jpg
media/other/17852260180190412.jpg,108962,.jpg
media/other/17857738018103037.jpg,120710,.jpg
media/other/17842127140159076.jpg,61836,.jpg
media/other/17865397189045223.jpg,105036,.jpg
media/other/17875746007007601.mp4,4381591,.mp4
media/other/17873368936010971.mp4,4043494,.mp4
media/other/17850363712086475.mp4,3286643,.mp4
media/other/17872297897064556.mp4,2711621,.mp4
media/other/17847489634156314.jpg,51229,.jpg
media/other/17845489069141753.jpg,109664,.jpg
media/other/17852553337181271.jpg,116891,.jpg
media/other/17846925562180336.jpg,186662,.jpg
media/other/17872195003020514.jpg,79222,.jpg
media/other/17867223592036516.jpg,75373,.jpg
media/other/17858926366051172.jpg,47572,.jpg
media/other/17870291890038520.jpg,79471,.jpg
media/other/17867027992024935.jpg,95026,.jpg
media/other/17870741980008421.jpg,79636,.jpg
media/other/17842050361193906.jpg,96067,.jpg
media/other/17850210241092749.jpg,82140,.jpg
media/other/17860035844090899.jpg,49138,.jpg
media/other/17859106180041335.jpg,45553,.jpg
media/other/17843618341191324.jpg,136075,.jpg
media/other/17842999972178321.jpg,74339,.jpg
media/other/17878162483062735.mp4,627914,.mp4
media/other/17844831445130721.jpg,45135,.jpg
media/other/17850271765080031.jpg,145776,.jpg
media/other/17854146730135606.mp4,309960,.mp4
media/other/17857524883046152.jpg,126956,.jpg
media/other/17868865111062188.jpg,159284,.jpg
media/other/17860280848025953.jpg,43363,.jpg
media/other/17856658819033797.jpg,68357,.jpg
media/other/17857847836085614.jpg,46548,.jpg
media/other/17851733584171056.jpg,117389,.jpg
media/other/17850775948107712.jpg,148005,.jpg
media/other/17850802819089503.jpg,98954,.jpg
media/other/17865075298012519.jpg,131182,.jpg
media/other/17870504053071439.mp4,4338013,.mp4
media/other/17869840672061129.jpg,86609,.jpg
media/other/17863147420107861.jpg,111367,.jpg
media/other/17860986115101519.jpg,66076,.jpg
media/other/17861044216000738.jpg,92982,.jpg
media/other/17854824613109634.jpg,113336,.jpg
media/other/17850455512086599.jpg,141649,.jpg
media/other/17861777248008262.jpg,89185,.jpg
media/other/17854775722087924.jpg,49253,.jpg
media/other/17844964879191516.jpg,29119,.jpg
media/other/17864596201050046.jpg,102848,.jpg
media/other/17861874853021660.mp4,4190003,.mp4
media/other/17849163436177661.jpg,98708,.jpg
media/other/17860084879079781.jpg,124880,.jpg
media/other/17857154827078802.jpg,74206,.jpg
media/other/17861699365084113.jpg,70244,.jpg
media/other/17872877791035204.jpg,50948,.jpg
media/other/17850505060164771.jpg,119460,.jpg
media/other/17852783518103107.jpg,160235,.jpg
media/other/17843525347142748.jpg,119776,.jpg
media/other/17851774525174421.jpg,111861,.jpg
media/other/17854586521085437.jpg,114702,.jpg
media/other/17843738080161663.jpg,43954,.jpg
media/other/17865092968010279.jpg,90767,.jpg
media/other/17870388844007377.jpg,108954,.jpg
media/other/17860283371027475.jpg,110223,.jpg
media/other/17857351756030841.jpg,83015,.jpg
media/other/17863922002047772.jpg,93048,.jpg
media/other/17852737717068678.jpg,211340,.jpg
media/other/17850735433077169.jpg,48622,.jpg
media/other/17857118050036617.jpg,37649,.jpg
media/other/17870529328054939.jpg,91889,.jpg
media/other/17857767136122544.jpg,71259,.jpg
media/other/17861873350129171.jpg,97712,.jpg
media/other/17846676163145241.mp4,3930671,.mp4
media/other/17849852863127424.jpg,53397,.jpg
media/other/17861710150103587.jpg,52608,.jpg
media/other/17857914325011071.jpg,126547,.jpg
media/other/17859869527014624.jpg,135803,.jpg
media/other/17849492599080470.jpg,42452,.jpg
media/other/17865640651070818.jpg,42519,.jpg
media/other/17860431757116639.jpg,58239,.jpg
media/other/17848198789181358.jpg,88526,.jpg
media/other/17851115857073283.jpg,77698,.jpg
media/other/17853119473080644.mp4,3961974,.mp4
media/other/17847168367098665.jpg,66229,.jpg
media/other/17842513279138844.jpg,120952,.jpg
media/other/17852200531122631.jpg,70119,.jpg
media/other/17861099482001419.jpg,55563,.jpg
media/other/17850836065123776.jpg,151396,.jpg
media/other/17851852576135868.jpg,85387,.jpg
media/other/17849793940122762.jpg,83827,.jpg
media/other/17862854653080727.jpg,54729,.jpg
media/other/17860037308045084.jpg,93160,.jpg
media/other/17846434552145930.jpg,76724,.jpg
media/other/17854508521147815.mp4,3432594,.mp4
media/other/17870549977036408.jpg,58117,.jpg
media/other/17855482873109662.mp4,3494769,.mp4
media/other/17843938825165285.jpg,98359,.jpg
media/other/17859442435032365.jpg,42960,.jpg
media/other/17867768629036136.jpg,76647,.jpg
media/other/17862322147025933.jpg,100463,.jpg
media/other/17854236061106510.jpg,97038,.jpg
media/other/17854177939066331.jpg,215293,.jpg
media/other/17866211635078865.jpg,127022,.jpg
media/other/17853948823126344.jpg,99369,.jpg
media/other/17846012239167923.jpg,95576,.jpg
media/other/17848152016078346.jpg,63281,.jpg
media/reels/202605/18203901154350338.srt,101,.srt
media/other/17845087420181330.jpg,36155,.jpg
media/archived_posts/201801/17844250018227364.jpg,135830,.jpg
media/other/17843492641173127.jpg,99191,.jpg
media/other/17858673757025947.jpg,123552,.jpg
media/posts/201801/17900627482090763.jpg,146301,.jpg
media/archived_posts/201801/17844249121229056.jpg,68210,.jpg
media/posts/201801/17912940931070805.jpg,129133,.jpg
media/posts/202003/17867423164680877.mp4,1028765,.mp4
media/other/17858714839046385.mp4,4918577,.mp4
media/other/17858810059080870.jpg,83825,.jpg
media/posts/201801/17912362837066238.jpg,146740,.jpg
media/other/17871235984010322.jpg,95104,.jpg
media/archived_posts/201801/17917796089059446.jpg,126543,.jpg
media/other/17847929395178354.mp4,3605290,.mp4
media/other/17866168987027943.jpg,99273,.jpg
media/posts/201705/17867955115126963.jpg,128831,.jpg
media/posts/201705/17858037016151661.jpg,150300,.jpg
media/posts/202003/17898842053445245.jpg,167099,.jpg
media/posts/202003/18130611292056431.jpg,101134,.jpg
media/posts/202003/17867096968711978.jpg,92316,.jpg
media/posts/201705/17858854894134648.jpg,124001,.jpg
media/other/17859959431024446.jpg,70235,.jpg
media/posts/201705/17880597937045020.jpg,54439,.jpg
media/posts/201705/17869075834099041.jpg,104163,.jpg
media/posts/202003/17860835416738515.jpg,92927,.jpg
media/posts/201705/17842671526199753.jpg,72324,.jpg
media/posts/201705/17856137194192455.jpg,49760,.jpg
media/posts/201802/17919414565066658.mp4,2453507,.mp4
media/posts/201705/17881467058035670.jpg,152862,.jpg
media/posts/201705/17856946507177627.jpg,39343,.jpg
media/posts/201705/17869367992112178.mp4,996856,.mp4
media/posts/201705/17857239976160981.jpg,56557,.jpg
media/posts/201705/17857045684179043.jpg,86347,.jpg
media/posts/202003/17890970212479981.jpg,117488,.jpg
media/posts/201703/17877352606054639.jpg,109016,.jpg
media/posts/201703/17875996678045428.jpg,45890,.jpg
media/posts/201705/17856208891185689.jpg,119933,.jpg
media/stories/202003/17848233664967778.jpg,103255,.jpg
media/posts/201712/17884661197167381.jpg,65828,.jpg
media/stories/202003/17857690381816131.jpg,71736,.jpg
media/posts/202003/18013479466273113.mp4,1955449,.mp4
media/stories/202003/17909477092417525.jpg,110374,.jpg
media/posts/201712/17912693755002229.jpg,103836,.jpg
media/other/17852874610136807.mp4,4055306,.mp4
media/posts/201802/17909146909120812.mp4,2291305,.mp4
media/posts/202003/18004820446282202.mp4,2037864,.mp4
media/posts/202003/17868595282655615.jpg,100994,.jpg
media/posts/201703/17852960596146687.jpg,53330,.jpg
media/posts/201705/17860062358134995.mp4,2396519,.mp4
media/stories/202003/17895175675464867.mp4,171452,.mp4
media/posts/201712/17890050049143763.jpg,115308,.jpg
media/posts/201712/17912004658038847.mp4,861929,.mp4
media/posts/201705/17882115628052141.jpg,108626,.jpg
media/stories/202003/17867079445686029.jpg,31580,.jpg
media/stories/202003/18010967383277319.jpg,110586,.jpg
media/stories/202003/17934795763354585.mp4,122373,.mp4
media/posts/201711/17905877977056931.jpg,145799,.jpg
media/posts/201711/17878879990167483.jpg,41199,.jpg
media/stories/202003/17866693342716730.jpg,83633,.jpg
media/stories/202003/17851766443913237.jpg,104601,.jpg
media/posts/201711/17877568402168815.jpg,130137,.jpg
media/posts/201711/17892635767121317.jpg,138137,.jpg
media/posts/201711/17847491428215615.jpg,144103,.jpg
media/other/17851959742095590.jpg,93583,.jpg
media/stories/202003/17884293847516974.jpg,49960,.jpg
media/stories/202003/17864735038727753.jpg,157820,.jpg
media/posts/201705/17869555363099389.mp4,3286152,.mp4
media/posts/201712/17897170696086868.jpg,87490,.jpg
media/stories/202002/17845672582969034.jpg,81163,.jpg
media/other/17854846723128770.jpg,102781,.jpg
media/other/17843952829187243.jpg,116616,.jpg
media/stories/202003/17858187220779336.jpg,109252,.jpg
media/stories/202003/17853619570845578.jpg,74142,.jpg
media/posts/201711/17847074476208787.jpg,34496,.jpg
media/reels/202605/17879705949572062.mp4,11018157,.mp4
media/posts/201711/17893532068114747.jpg,145059,.jpg
media/stories/202002/17885706874499315.jpg,61729,.jpg
media/stories/202002/17847430042948785.jpg,59952,.jpg
media/stories/202003/17944946800336421.jpg,86197,.jpg
media/other/17858242138115758.jpg,134309,.jpg
media/other/17871078196045705.jpg,105749,.jpg
media/other/17861419690027152.jpg,113653,.jpg
media/other/17870528179049297.jpg,103032,.jpg
media/stories/202002/17878580119546556.jpg,53501,.jpg
media/stories/202003/17848990732975358.jpg,116256,.jpg
media/other/17847134623100152.jpg,51432,.jpg
media/other/17861634301055617.jpg,69955,.jpg
media/posts/201804/17925534583109925.jpg,74349,.jpg
media/stories/202002/17862975709708921.jpg,97080,.jpg
media/other/17851268236193143.jpg,41660,.jpg
media/stories/202002/17887440661479844.mp4,641829,.mp4
media/posts/201804/17938460824048430.jpg,105480,.jpg
media/other/17843620573144884.jpg,133577,.jpg
media/posts/201710/17904056980053843.jpg,139880,.jpg
media/other/17872953664008960.jpg,142845,.jpg
media/posts/201707/17865853966137177.jpg,118904,.jpg
media/posts/201710/17881186636142431.jpg,53267,.jpg
media/posts/201804/17879369620205341.jpg,76929,.jpg
media/posts/201707/17886402151029850.jpg,135708,.jpg
media/stories/202002/18094700320143104.jpg,59461,.jpg
media/posts/201804/17919696664093732.jpg,134388,.jpg
media/posts/201803/17918379820098990.jpg,107210,.jpg
media/posts/201710/17887449460095016.jpg,158124,.jpg
media/posts/201810/17912834362243724.jpg,46873,.jpg
media/stories/202002/18106853122103559.mp4,776084,.mp4
media/posts/201809/17959687888082386.jpg,59818,.jpg
media/posts/201809/17977041727068320.jpg,76529,.jpg
media/posts/201707/17877895996077978.jpg,165729,.jpg
media/posts/201803/17905972849133002.jpg,102086,.jpg
media/posts/201810/17991470005039048.jpg,89144,.jpg
media/posts/201803/17924336608073682.jpg,86877,.jpg
media/posts/201810/17983949785072246.jpg,91937,.jpg
media/posts/201810/17975203081113123.jpg,45413,.jpg
media/posts/201810/17884452880279713.jpg,51490,.jpg
media/posts/201710/17904848896007334.jpg,96986,.jpg
media/posts/201810/17994288064024575.jpg,52343,.jpg
media/posts/201810/17964044101131009.jpg,58246,.jpg
media/posts/201810/17876921278280206.jpg,85184,.jpg
media/posts/201810/17964083728147010.jpg,97153,.jpg
media/posts/201810/17862734710293135.jpg,63129,.jpg
media/posts/201710/17845808074205042.jpg,126429,.jpg
media/posts/201810/17860768300294332.jpg,43783,.jpg
media/posts/201810/17931005965210664.jpg,43884,.jpg
media/posts/201810/17962897726155068.jpg,53854,.jpg
media/posts/201706/17869992367090317.jpg,60538,.jpg
media/posts/201706/17868889786092787.mp4,886584,.mp4
media/posts/201810/17991973996042778.jpg,72061,.jpg
media/posts/201706/17858846617171068.jpg,74350,.jpg
media/posts/201706/17884101094063573.jpg,40957,.jpg
media/posts/201706/17860272655175200.jpg,42893,.jpg
media/posts/201706/17891894923007744.jpg,206210,.jpg
media/posts/201706/17869024348095065.jpg,137955,.jpg
media/posts/201706/17860096345172186.jpg,88884,.jpg
media/posts/201706/17885011861057778.jpg,80826,.jpg
media/posts/201706/17858700445187400.jpg,112388,.jpg
media/posts/201706/17861819071137991.jpg,101543,.jpg
media/posts/201706/17876762383072136.mp4,946206,.mp4
media/posts/201706/17859728983180859.jpg,97896,.jpg
media/posts/201706/17861516056138465.jpg,54338,.jpg
media/posts/201706/17859815308189231.jpg,95008,.jpg
media/posts/201706/17862524911142235.jpg,162555,.jpg
media/posts/201810/17873119438303912.jpg,89484,.jpg
preferences/your_topics/your_ads_see_more/see_less_topics.json,2677,.json
media/posts/201706/17873514919073682.jpg,52781,.jpg
media/posts/201706/17859441523164470.jpg,52972,.jpg
media/posts/201810/17874633520280033.jpg,93121,.jpg
media/posts/201710/17897494480070671.mp4,4847807,.mp4
media/posts/201706/17869616371091061.jpg,56439,.jpg
media/posts/201706/17886363583030694.jpg,203995,.jpg
media/posts/201706/17877549229078450.jpg,125628,.jpg
media/other/202002/17917135174388195.mp4,1013892,.mp4
media/posts/201706/17872745581111873.jpg,68293,.jpg
media/posts/201706/17857043656184218.jpg,93895,.jpg
your_instagram_activity/messages/inbox/magnus_599605588102521/message_1.json,614,.json
your_instagram_activity/messages/inbox/gimyeonghwan_561998418527886/message_1.json,984,.json
media/other/202002/17844368159004331.mp4,2159997,.mp4
your_instagram_activity/messages/inbox/suchitrasrijantara_556862849040443/message_1.json,4043,.json
media/posts/201706/17859069136187881.jpg,114285,.jpg
your_instagram_activity/messages/inbox/ritadesiano_539197817476231/message_1.json,653,.json
your_instagram_activity/messages/inbox/maitrisedeschartreux_1716251079769275/message_1.json,962,.json
your_instagram_activity/messages/inbox/random_2971638412853243/message_1.json,72581,.json
your_instagram_activity/messages/inbox/munchenerbachchor_1165010421560013/message_1.json,14682,.json
your_instagram_activity/messages/inbox/damir_572323410829967/message_1.json,1988,.json
your_instagram_activity/messages/inbox/instagramsayongja_559293888797306/message_1.json,2840,.json
your_instagram_activity/messages/inbox/joey_544375226956872/message_1.json,6020,.json
your_instagram_activity/messages/inbox/london_584072486320283/message_1.json,1459,.json
your_instagram_activity/messages/inbox/instagramsayongja_572287404168839/message_1.json,1401,.json
your_instagram_activity/messages/inbox/munchnerknabenchor_104365185328834/message_1.json,8291,.json
your_instagram_activity/messages/inbox/miki_544707990253226/message_1.json,8464,.json
your_instagram_activity/messages/inbox/promax8_626315935435861/message_1.json,14065,.json
your_instagram_activity/messages/inbox/sonnebeach_581660973228297/message_1.json,993,.json
your_instagram_activity/messages/inbox/ks03____585020122894962/message_1.json,2164,.json
your_instagram_activity/messages/inbox/landesgartenschauohringen16_556995679028160/message_1.json,1701,.json
media/posts/201706/17860511644152454.jpg,68209,.jpg
your_instagram_activity/messages/inbox/instagramsayongjakyokofelipekbrownand8others_2499574933462351/message_1.json,1403,.json
your_instagram_activity/messages/inbox/nidarosdomensguttekor_1328172225246237/message_1.json,1880,.json
your_instagram_activity/messages/inbox/munchnerknabenchor_487354995264006/message_1.json,14769,.json
your_instagram_activity/messages/inbox/instagramsayongja_564659361595125/message_1.json,1378,.json
media/posts/201706/17844608944194096.mp4,2171159,.mp4
your_instagram_activity/messages/inbox/instagramsayongja_602364084494674/message_1.json,1216,.json
your_instagram_activity/messages/inbox/konstantinkrishnamulki_559247472139156/message_1.json,8321,.json
your_instagram_activity/messages/inbox/jzwarg_552243122838414/message_1.json,1254,.json
your_instagram_activity/messages/inbox/gses_552151432845918/message_1.json,2340,.json
your_instagram_activity/messages/inbox/munchnerknabenchor_2032582094802837/message_1.json,1514,.json
your_instagram_activity/messages/inbox/kilian_570621890998285/message_1.json,13067,.json
media/other/17849705419118540.jpg,179133,.jpg
media/other/17855890312128348.jpg,32386,.jpg
media/other/17866958992112404.jpg,106288,.jpg
your_instagram_activity/messages/inbox/instagramsayongja_565355584859213/message_1.json,16953,.json
your_instagram_activity/messages/inbox/instagramsayongja_516993286372044/message_1.json,4839,.json
media/other/17843086393147811.jpg,133648,.jpg
media/other/17846934460107809.jpg,120744,.jpg
media/other/17851903174076629.jpg,99179,.jpg
media/other/17854477831126503.jpg,84183,.jpg
media/other/17860438693055017.jpg,77298,.jpg
media/other/17849880646160065.jpg,115944,.jpg
media/other/17850176833087510.jpg,41467,.jpg
media/other/17855453119081948.jpg,102958,.jpg
media/other/17861597452093538.jpg,34635,.jpg
media/other/17842782313171619.jpg,78729,.jpg
media/other/17854763344096903.jpg,43225,.jpg
media/other/17851534429073838.jpg,93527,.jpg
media/other/17853660187102152.jpg,97730,.jpg
media/other/17851364119184861.jpg,107026,.jpg
media/other/17850792367087111.jpg,122536,.jpg
media/other/17849867725083831.jpg,27100,.jpg
media/other/17851442356079527.jpg,61897,.jpg
media/posts/201810/17992549786039261.jpg,57560,.jpg
media/other/17847115756101650.jpg,130786,.jpg
media/other/17860010716019121.jpg,53812,.jpg
media/stories/202002/17878634314539632.jpg,69010,.jpg
media/other/17875339438041378.jpg,116033,.jpg
media/stories/202002/17854604227837440.mp4,1496786,.mp4
media/other/17863271089104434.jpg,121270,.jpg
media/other/17849955643104151.jpg,79320,.jpg
media/other/17860893469019858.jpg,116948,.jpg
media/other/17843020852165692.jpg,64441,.jpg
media/other/17875888471012578.mp4,813790,.mp4
media/other/17843127130133507.jpg,40560,.jpg
media/other/17858962069052419.jpg,126708,.jpg
media/other/17863076341063034.jpg,103046,.jpg
media/stories/202002/17912565061392542.jpg,92593,.jpg
media/other/17861089756026538.jpg,167310,.jpg
media/stories/202002/17854872139828130.jpg,91327,.jpg
media/other/17850075736071069.mp4,2917237,.mp4
media/other/17847119041092592.jpg,65765,.jpg
media/other/17849830195117688.jpg,97045,.jpg
media/other/17851947592147513.jpg,80553,.jpg
media/other/17863124563072566.jpg,40829,.jpg
media/other/17856442711059513.mp4,5965392,.mp4
media/other/17844807886189713.jpg,40223,.jpg
media/other/17849513776118763.jpg,34612,.jpg
media/other/17857755604116262.jpg,120751,.jpg
media/other/17871410455024358.mp4,5529127,.mp4
media/other/17844623572188049.jpg,138756,.jpg
media/other/17860915075018805.jpg,64056,.jpg
media/other/17866359478108851.mp4,818098,.mp4
media/other/17862844684052506.jpg,124186,.jpg
media/other/17862219451104567.jpg,117110,.jpg
media/other/17847290113161132.jpg,69185,.jpg
media/other/17866159996053362.jpg,35035,.jpg
media/other/17862704026037779.jpg,85903,.jpg
media/other/17851446682096032.jpg,250504,.jpg
media/other/17865135982063113.jpg,89623,.jpg
media/other/17858622085062595.jpg,52917,.jpg
media/other/17862475600126370.jpg,67044,.jpg
media/other/17861954437017231.jpg,200924,.jpg
media/other/17847951640083893.jpg,112880,.jpg
media/other/17855079625137257.mp4,3691102,.mp4
media/other/17844835558179648.jpg,45388,.jpg
media/other/17863844641009492.mp4,1421222,.mp4
media/other/17859305266015399.jpg,54732,.jpg
media/other/17849607061103475.jpg,96949,.jpg
media/other/17845986079153281.jpg,154314,.jpg
media/other/17847901828075124.jpg,61973,.jpg
media/other/17847865696151431.jpg,187181,.jpg
media/other/17850540811101542.jpg,95932,.jpg
media/other/17852214004142334.jpg,86220,.jpg
media/other/17847013180101788.jpg,61511,.jpg
media/other/17876858206027938.jpg,142664,.jpg
media/other/17843456104157253.jpg,152460,.jpg
media/other/17860523848064698.jpg,81480,.jpg
media/other/17855729221017837.jpg,116265,.jpg
media/other/17849842666132598.jpg,73203,.jpg
media/other/17843494507159877.jpg,57787,.jpg
media/other/17844069334175170.jpg,107637,.jpg
media/other/17864214637067058.jpg,33298,.jpg
media/other/17880421156187404.jpg,159594,.jpg
media/other/17891726143131903.jpg,72011,.jpg
media/other/17943963337054829.jpg,126615,.jpg
media/other/17853005650079751.jpg,110658,.jpg
media/other/17855751679138643.jpg,165880,.jpg
media/other/17859348343090290.jpg,73704,.jpg
media/other/17864434120689213.jpg,59385,.jpg
media/other/17855842336164003.jpg,133360,.jpg
media/other/17865259621082203.jpg,120106,.jpg
media/other/17915514196018551.jpg,164899,.jpg
media/other/17906176441043546.jpg,39123,.jpg
media/other/17847377581899632.jpg,96450,.jpg
media/other/17940990226019669.jpg,172065,.jpg
media/other/17857599220143306.jpg,123266,.jpg
media/other/17861173573023740.jpg,54912,.jpg
media/other/17851266055103088.jpg,82802,.jpg
media/other/17851418587894041.jpg,50591,.jpg
media/other/17916827794084107.jpg,131871,.jpg
media/other/17868008488106880.jpg,89230,.jpg
media/other/17942220952009740.jpg,179727,.jpg
media/other/17900249281195887.jpg,101693,.jpg
media/other/17907163420036963.jpg,92493,.jpg
media/other/17946465544045216.jpg,151231,.jpg
media/other/17946746254014061.jpg,57002,.jpg
media/other/17927419321043706.jpg,111461,.jpg
media/other/17883358366183586.jpg,52425,.jpg
media/other/17862387181212519.jpg,73607,.jpg
media/other/17866528960676715.jpg,46919,.jpg
media/other/17923791016143197.jpg,102186,.jpg
media/other/17860906321109744.mp4,11845851,.mp4
media/other/17922073813030738.jpg,213500,.jpg
media/other/17870834596198481.jpg,97928,.jpg
media/other/17866244314120432.jpg,88621,.jpg
media/other/17901428554167116.jpg,81646,.jpg
media/other/17872213393236347.jpg,158625,.jpg
media/other/17867044045097967.jpg,77171,.jpg
media/other/17854678690204449.jpg,94748,.jpg
media/other/17866515190659147.jpg,70271,.jpg
media/other/17865546319094486.jpg,124781,.jpg
media/other/17868461011110174.jpg,113171,.jpg
media/other/17844066329033617.jpg,59909,.jpg
media/other/17855472367172774.jpg,76342,.jpg
media/other/17982143656054898.jpg,95159,.jpg
media/other/17897072239103505.mp4,1021432,.mp4
media/other/17849318020243306.jpg,204698,.jpg
media/other/17847104626215298.jpg,89823,.jpg
media/other/17843446105240729.jpg,127545,.jpg
media/other/17909764555253284.jpg,63303,.jpg
media/other/17931952531008288.jpg,94291,.jpg
media/other/17934271042048382.jpg,78919,.jpg
media/other/17880465064234798.jpg,81216,.jpg
media/other/17939069251029163.jpg,91492,.jpg
media/other/17900956954114424.jpg,115713,.jpg
media/other/18093775903092472.jpg,77573,.jpg
media/other/17928856471133381.jpg,121578,.jpg
media/other/17924957995192997.jpg,86648,.jpg
media/other/17909704294121005.jpg,106936,.jpg
media/other/17892253759203795.jpg,115801,.jpg
media/other/17910921157061651.jpg,75721,.jpg
media/other/17865112936041957.jpg,118495,.jpg
media/other/17892724027155950.jpg,103723,.jpg
media/other/17920385209070609.jpg,145059,.jpg
media/other/17877879157217119.jpg,49021,.jpg
media/other/17919799666088595.jpg,54340,.jpg
media/other/17856841198805439.jpg,91285,.jpg
media/other/17869364812229942.jpg,198467,.jpg
media/other/17868683842217043.jpg,91571,.jpg
media/other/17909992057138773.jpg,141331,.jpg
media/other/17919120580005220.jpg,121213,.jpg
media/other/17927352052090791.jpg,64053,.jpg
media/other/17857510078131133.jpg,102011,.jpg
media/other/17892726778138952.jpg,74928,.jpg
media/other/17892016900122295.jpg,98146,.jpg
media/other/17866316605082185.mp4,1174917,.mp4
media/other/17874404320021134.jpg,37500,.jpg
media/other/17905998421064400.jpg,76944,.jpg
media/other/17916934777124784.jpg,141142,.jpg
media/other/17862877843042489.jpg,165805,.jpg
media/other/17982955669118486.jpg,46623,.jpg
media/other/17922137731070978.jpg,133035,.jpg
media/other/17856524815051922.jpg,53674,.jpg
media/other/17860406569020084.jpg,79775,.jpg
media/other/17936272825116390.jpg,99874,.jpg
media/stories/202002/18001104787281616.jpg,68085,.jpg
media/stories/202002/18018124201270030.jpg,142437,.jpg
media/other/17860502440010023.jpg,119852,.jpg
media/other/17881937563168623.jpg,95317,.jpg
media/other/17858594131049684.jpg,40296,.jpg
media/other/17853946162168856.jpg,151269,.jpg
media/other/17898142156132224.jpg,133311,.jpg
media/other/17922127537101897.jpg,127320,.jpg
media/stories/202002/17897737153443709.jpg,207474,.jpg
media/other/17905457824011272.jpg,122620,.jpg
media/other/17897781787123447.jpg,109605,.jpg
media/other/17890909207089446.jpg,77982,.jpg
media/other/17860854061041068.jpg,44197,.jpg
media/other/17922770446175290.jpg,148212,.jpg
media/other/17897162524171041.jpg,206364,.jpg
media/other/17867434654231389.jpg,96742,.jpg
media/other/17858109604820638.jpg,108650,.jpg
media/other/17941287517043905.jpg,132008,.jpg
media/other/17919926089069002.jpg,154099,.jpg
media/other/17908714528053482.jpg,72811,.jpg
media/other/17865527596699993.jpg,124774,.jpg
media/other/17867352022099290.jpg,136396,.jpg
media/other/17908504660002748.mp4,2563533,.mp4
media/other/17906241313079827.jpg,148440,.jpg
media/other/17918076358041367.jpg,106233,.jpg
media/other/17912891779098370.jpg,102270,.jpg
media/other/17893543420133257.jpg,57690,.jpg
media/other/17908273963075513.mp4,2604992,.mp4
media/other/17919606361159569.jpg,49487,.jpg
media/other/17898139696115763.jpg,109531,.jpg
media/other/17908845364002611.jpg,58318,.jpg
media/other/17916434446115954.jpg,162060,.jpg
media/other/17893373581081916.jpg,135150,.jpg
media/other/17915816152029242.jpg,152237,.jpg
media/other/17978806282003209.jpg,106997,.jpg
media/other/17910826231035813.jpg,115023,.jpg
media/other/17925703084101913.jpg,130877,.jpg
media/other/17881182922182638.jpg,40523,.jpg
your_instagram_activity/messages/inbox/instagramsayongja_586536672741906/message_1.json,812,.json
media/other/17890867381135455.jpg,127898,.jpg
media/other/17970510952187581.jpg,36130,.jpg
media/other/17877949231162800.jpg,117583,.jpg
media/other/17900201686180441.jpg,146318,.jpg
media/other/17911843120056338.jpg,109362,.jpg
media/other/18134913652026540.jpg,150349,.jpg
media/other/17878416490032842.jpg,92337,.jpg
media/other/17878410409025686.jpg,108259,.jpg
media/other/17854698514186732.jpg,103393,.jpg
your_instagram_activity/messages/inbox/instagramsayongja_541702277224167/message_1.json,720,.json
media/other/17870215375072022.jpg,132464,.jpg
media/other/17887042525178796.jpg,98640,.jpg
your_instagram_activity/messages/inbox/garyzimmer_552163872851617/message_1.json,3438,.json
media/other/17878595731058052.jpg,179065,.jpg
media/other/17901679879161376.jpg,91940,.jpg
your_instagram_activity/messages/inbox/arti_558518008877314/message_1.json,1143,.json
your_instagram_activity/messages/inbox/felixfrank_558779692183092/message_1.json,1443,.json
your_instagram_activity/messages/inbox/instagramsayongja_576037283790666/message_1.json,643,.json
your_instagram_activity/messages/inbox/gloriahuppert_574393657288362/message_1.json,6114,.json
your_instagram_activity/messages/inbox/eltonfromemusicschool_285043256361327/message_1.json,1175,.json
your_instagram_activity/messages/message_requests/munyeong_1400258098037698/message_1.json,584,.json
media/other/17904849220054186.jpg,107868,.jpg
media/other/17903833231157136.jpg,50798,.jpg
your_instagram_activity/messages/inbox/instagramsayongja_513273600078138/message_1.json,643,.json
media/other/17908906786162150.jpg,101264,.jpg
your_instagram_activity/messages/inbox/alexisduffaure_581187169942344/message_1.json,1457,.json
media/other/17882515927167340.mp4,3638187,.mp4
your_instagram_activity/messages/inbox/companiacoraldesantafe_503365431054049/message_1.json,769,.json
your_instagram_activity/messages/inbox/instagramsayongja_545204436874390/message_1.json,990,.json
your_instagram_activity/messages/message_requests/amelie_1088497755878461/message_1.json,1290,.json
your_instagram_activity/messages/message_requests/20000wonmulyosulyeong_9802013386507377/message_1.json,23124,.json
your_instagram_activity/messages/message_requests/575802967150804/message_1.json,897,.json
media/other/17872670371595770.mp4,3741810,.mp4
your_instagram_activity/messages/message_requests/jangminjeong_1465157104884881/message_1.json,867,.json
your_instagram_activity/messages/inbox/felixschrimpff_545725616821833/message_1.json,1108,.json
your_instagram_activity/messages/message_requests/raphirtr_581060926627389/message_1.json,682,.json
your_instagram_activity/messages/inbox/georgiaboychoir_589454752448919/message_1.json,1486,.json
your_instagram_activity/messages/message_requests/20000wonmulyosulyeong_6212503172118848/message_1.json,15230,.json
your_instagram_activity/messages/inbox/husseinfadil_578710070196879/message_1.json,485,.json
your_instagram_activity/messages/message_requests/salahkhaled_545532400181701/message_1.json,544,.json
your_instagram_activity/messages/message_requests/20000wonmulyosulyeong_9386249884782033/message_1.json,14077,.json
your_instagram_activity/messages/inbox/bebacksoon_403061264423599/message_1.json,1578,.json
your_instagram_activity/messages/message_requests/mahendrasinghchauhan_1742862873774762/message_1.json,1701,.json
your_instagram_activity/messages/inbox/enzojaeseung_577101000358441/message_1.json,1653,.json
media/other/17885161165157300.mp4,7159920,.mp4
your_instagram_activity/messages/message_requests/ieva_153867117115238/message_1.json,483,.json
your_instagram_activity/messages/inbox/instagramsayongja_510737546979957/message_1.json,4411,.json
your_instagram_activity/messages/inbox/christinacanale_564223538306585/message_1.json,830,.json
your_instagram_activity/messages/message_requests/sophiereschke_543686570357595/message_1.json,691,.json
your_instagram_activity/messages/message_requests/sangerbundobergrombach_519734506080030/message_1.json,1208,.json
your_instagram_activity/messages/message_requests/tiantian_872920960773042/message_1.json,553,.json
your_instagram_activity/messages/message_requests/zongtianyongsiyujisoda_532426838161180/message_1.json,1326,.json
your_instagram_activity/messages/message_requests/puericantoresindia_464582164942884/message_1.json,1241,.json
your_instagram_activity/messages/message_requests/sudimadavilenabeckerderekwarburtonand2others_8214427438620187/message_1.json,1723,.json
your_instagram_activity/messages/message_requests/cova_1809548460441444/message_1.json,484,.json
your_instagram_activity/messages/message_requests/tatanarazaneckaa_597981324933840/message_1.json,11113,.json
your_instagram_activity/messages/message_requests/eintrachtspatzenhambrucken_614560353276098/message_1.json,816,.json
your_instagram_activity/messages/message_requests/annanadezdina_578064063592052/message_1.json,951,.json
your_instagram_activity/messages/message_requests/bifmartingouldingguitargif_1362805281780525/message_1.json,1470,.json
your_instagram_activity/messages/message_requests/osweergavidia_554025225991872/message_1.json,584,.json
your_instagram_activity/messages/message_requests/ludaneil_557512825643791/message_1.json,1908,.json
media/other/17843746501231730.mp4,2637552,.mp4
your_instagram_activity/messages/message_requests/nellytaoukmiguelelkamandbasedinchicagothewindycityand24others_6796565180419090/message_1.json,6166,.json
your_instagram_activity/messages/message_requests/_min_o4_606543800745641/message_1.json,594,.json
your_instagram_activity/messages/message_requests/mariosaborioacademy_583453153053104/message_1.json,645,.json
your_instagram_activity/messages/message_requests/kaizurner_1933016648092716/message_1.json,1220,.json
your_instagram_activity/messages/message_requests/nadanadya_522567222463685/message_1.json,687,.json
your_instagram_activity/messages/message_requests/musicaorbispraguefestival_578520493549192/message_1.json,1649,.json
your_instagram_activity/messages/message_requests/navasnavu_569811531079025/message_1.json,974,.json
your_instagram_activity/messages/message_requests/veyroncalanaritm_591094332290874/message_1.json,741,.json
your_instagram_activity/messages/message_requests/klaipedosmiestochorinebendrijaaukuras_854869859240739/message_1.json,2439,.json
your_instagram_activity/messages/message_requests/princeomotayoakanmu_546288140098914/message_1.json,589,.json
your_instagram_activity/messages/message_requests/nicolevictoria_541522997244889/message_1.json,552,.json
your_instagram_activity/messages/message_requests/leo_1459222372147695/message_1.json,863,.json
your_instagram_activity/messages/message_requests/instagramsayongja_541366113924955/message_1.json,1021,.json
your_instagram_activity/messages/message_requests/phillip_346302513768368/message_1.json,1509,.json
your_instagram_activity/messages/message_requests/sammyburgermcfionafmclindabarrettand2others_7284958048278115/message_1.json,1487,.json
your_instagram_activity/messages/message_requests/instagramsayongja_548937116499759/message_1.json,676,.json
your_instagram_activity/messages/message_requests/instagramsayongja_566515851409476/message_1.json,702,.json
your_instagram_activity/messages/message_requests/instagramsayongja_538305470897750/message_1.json,676,.json
your_instagram_activity/messages/message_requests/instagramsayongja_559359385458456/message_1.json,700,.json
your_instagram_activity/messages/message_requests/instagramsayongja_940289174032140/message_1.json,1143,.json
your_instagram_activity/messages/message_requests/instagramsayongja_574897050570834/message_1.json,1236,.json
your_instagram_activity/messages/message_requests/instagramsayongja_574825193913041/message_1.json,2375,.json
your_instagram_activity/messages/message_requests/jieunpark_593254528741915/message_1.json,533,.json
your_instagram_activity/messages/message_requests/instagramsayongja_1227638988630489/message_1.json,1855,.json
your_instagram_activity/messages/message_requests/madi81_974475116729142/message_1.json,491,.json
your_instagram_activity/messages/message_requests/instagramsayongja_1386137489447304/message_1.json,1444,.json
your_instagram_activity/messages/message_requests/amordomcviniamericano_543194283741633/message_1.json,1258,.json
your_instagram_activity/messages/message_requests/instagramsayongja_542682967126098/message_1.json,6401,.json
your_instagram_activity/messages/message_requests/instagramsayongja_544357710291957/message_1.json,9564,.json
your_instagram_activity/messages/message_requests/instagramsayongja_1393822325345487/message_1.json,1732,.json
your_instagram_activity/messages/message_requests/instagramsayongja_1399746134753106/message_1.json,1745,.json
media/other/17853914839161979.jpg,118869,.jpg
media/other/17894205400187190.jpg,107604,.jpg
media/other/17861142808053019.jpg,139490,.jpg
your_instagram_activity/messages/message_requests/julialehmann_886652009393897/message_1.json,763,.json
your_instagram_activity/messages/message_requests/instagramsayongja_556735625723070/message_1.json,1375,.json
media/other/17884296466170164.jpg,163783,.jpg
your_instagram_activity/messages/message_requests/munchnerkonzertdirektionhortnagel_1687540095973707/message_1.json,1356,.json
your_instagram_activity/messages/message_requests/instagramsayongja_536267221102344/message_1.json,1132,.json
media/stories/202002/18076702696197579.jpg,53579,.jpg
your_instagram_activity/messages/message_requests/instagramsayongja_574356957292032/message_1.json,1087,.json
your_instagram_activity/messages/message_requests/jilim_983849136342810/message_1.json,732,.json
your_instagram_activity/messages/message_requests/instagramsayongja_554947252570659/message_1.json,1076,.json
your_instagram_activity/messages/message_requests/instagramsayongja_774649123929480/message_1.json,1084,.json
media/stories/202002/17852279326841698.jpg,98989,.jpg
media/other/17851173517122139.jpg,108106,.jpg
your_instagram_activity/messages/message_requests/instagramsayongja_564791501586891/message_1.json,738,.json
your_instagram_activity/messages/message_requests/instagramsayongja_554142562654779/message_1.json,1361,.json
media/other/17913402679127330.jpg,60174,.jpg
media/other/17857327633119727.jpg,113629,.jpg
media/other/17850175192082911.jpg,60526,.jpg
media/posts/202002/18044269504235325.jpg,47528,.jpg
media/other/17877373867000036.mp4,758461,.mp4
media/posts/202002/18053834320210287.mp4,1297237,.mp4
media/other/17906247694015438.jpg,101888,.jpg
media/other/17853334795109704.jpg,78341,.jpg
media/other/17876597686058502.jpg,109780,.jpg
media/other/17895674407000203.jpg,113591,.jpg
media/posts/202002/17866763947637435.jpg,46783,.jpg
media/other/17844729328180307.jpg,68694,.jpg
media/profile/202605/18394458538157773.jpg,109579,.jpg
media/posts/202002/18131940478053694.mp4,2782806,.mp4
media/other/17870072161047345.jpg,21991,.jpg
media/other/17856822562020533.jpg,106842,.jpg
media/other/17860418461014137.mp4,7271371,.mp4
your_instagram_activity/messages/message_requests/ayushimandwariyasylviaallwinnmartinapauand8others_6990125797731426/message_1.json,3388,.json
your_instagram_activity/messages/message_requests/instagramsayongja_575026147229580/message_1.json,712,.json
your_instagram_activity/messages/inbox/promax8_626315935435861/photos/802935900465745.jpg,22097,.jpg
your_instagram_activity/messages/message_requests/instagramsayongja_538488327551559/message_1.json,1076,.json
your_instagram_activity/messages/inbox/konstantinkrishnamulki_559247472139156/photos/1039175729863754.jpg,76635,.jpg
your_instagram_activity/messages/inbox/miki_544707990253226/photos/381145156628252.jpg,27641,.jpg
your_instagram_activity/messages/inbox/munchnerknabenchor_487354995264006/photos/348020209807156.jpg,76635,.jpg
your_instagram_activity/messages/inbox/munchnerknabenchor_487354995264006/photos/651531375729577.jpg,105449,.jpg
your_instagram_activity/messages/inbox/konstantinkrishnamulki_559247472139156/photos/1033122273803437.jpg,105449,.jpg
your_instagram_activity/messages/inbox/munchnerknabenchor_104365185328834/photos/377672417185928.jpg,110946,.jpg
your_instagram_activity/messages/message_requests/instagramsayongja_1257423212318733/message_1.json,1822,.json
your_instagram_activity/messages/inbox/munchnerknabenchor_104365185328834/photos/2973820492935870.jpg,102834,.jpg
your_instagram_activity/messages/message_requests/instagramsayongja_552799162783850/message_1.json,720,.json
your_instagram_activity/messages/inbox/munchnerknabenchor_104365185328834/photos/565026724622231.jpg,85362,.jpg
your_instagram_activity/messages/message_requests/fondsuniting_681961309912483/message_1.json,8956,.json
your_instagram_activity/messages/inbox/munchnerknabenchor_104365185328834/photos/914226329192657.jpg,224573,.jpg
your_instagram_activity/messages/message_requests/followerslikesforfree_241894227260790/message_1.json,1234,.json
your_instagram_activity/messages/message_requests/cnsn13_1546790180048700/message_1.json,492,.json
your_instagram_activity/messages/message_requests/followerslikesforfree_946718172443705/message_1.json,1507,.json
your_instagram_activity/messages/message_requests/instagramsayongja_1317129246348129/message_1.json,677,.json
your_instagram_activity/messages/message_requests/instagramsayongja_571971677536639/message_1.json,1106,.json
your_instagram_activity/messages/inbox/munchnerknabenchor_104365185328834/photos/877886346170441.jpg,131764,.jpg
your_instagram_activity/messages/message_requests/instagramsayongja_1726216055439444/message_1.json,1926,.json
your_instagram_activity/messages/inbox/random_2971638412853243/photos/1370444784885446.jpg,81346,.jpg
your_instagram_activity/messages/message_requests/instagramsayongja_605056527559790/message_1.json,1062,.json
your_instagram_activity/messages/inbox/munchnerknabenchor_104365185328834/photos/1060343141378432.jpg,57735,.jpg
your_instagram_activity/messages/message_requests/gundulaschmid_580814219979639/message_1.json,2752,.json
your_instagram_activity/messages/message_requests/hawaiithealohastate_638272324240032/message_1.json,692,.json
your_instagram_activity/messages/message_requests/carolinepalmier_983667033027687/message_1.json,892,.json
your_instagram_activity/messages/inbox/munchnerknabenchor_104365185328834/photos/686677702724569.jpg,94083,.jpg
your_instagram_activity/messages/message_requests/alireza_564281628299565/message_1.json,1015,.json
your_instagram_activity/messages/inbox/munchnerknabenchor_104365185328834/photos/370579617777912.jpg,69104,.jpg
your_instagram_activity/messages/inbox/munchnerknabenchor_104365185328834/photos/593483795163761.jpg,100530,.jpg
your_instagram_activity/messages/message_requests/ayushimandwariyasylviaallwinnmartinapauand11others_5995627700540066/message_1.json,4202,.json
your_instagram_activity/messages/message_requests/chenreisslbabybauchnewbornfotografmunchen_1537586954309485/message_1.json,924,.json
your_instagram_activity/messages/message_requests/artistmarkmulfinger_585146596220186/message_1.json,718,.json
your_instagram_activity/messages/message_requests/buiheiwong_548323136562081/message_1.json,1832,.json
your_instagram_activity/messages/message_requests/eugenenastjapenkowskakatrinbadeand17others_7560411300641126/message_1.json,3862,.json
your_instagram_activity/messages/message_requests/adrianknoedel_580276020037331/message_1.json,892,.json
your_instagram_activity/messages/inbox/munchnerknabenchor_104365185328834/photos/566339848122009.jpg,136469,.jpg
your_instagram_activity/messages/message_requests/bellarosadivoarsa_555613219168064/message_1.json,564,.json
your_instagram_activity/messages/inbox/munchnerknabenchor_104365185328834/photos/394637028872932.jpg,85301,.jpg
your_instagram_activity/messages/inbox/munchnerknabenchor_104365185328834/photos/1725003951222232.jpg,92535,.jpg
